,Symbol,Date,Open,High,Low,Close,Volume
0,IDXG,2017-01-02,44.0,44.0,44.0,44.0,0
1,IDXG,2017-01-03,52.4,142.5,49.1,75.0,17537000
2,IDXG,2017-01-04,67.7,95.7,67.7,68.0,8306200
3,IDXG,2017-01-05,73.5,81.4,66.6,68.4,1602400
4,IDXG,2017-01-06,69.0,69.6,61.2,64.7,848900
5,IDXG,2017-01-09,61.9,62.4,55.5,58.6,639800
6,IDXG,2017-01-10,69.3,78.0,65.0,70.0,2483100
7,IDXG,2017-01-11,69.1,70.0,57.5,62.0,681100
8,IDXG,2017-01-12,58.2,60.8,56.2,57.2,314500
9,IDXG,2017-01-13,56.6,57.5,53.1,53.8,267800
10,IDXG,2017-01-16,53.8,53.8,53.8,53.8,0
11,IDXG,2017-01-17,53.5,53.7,48.4,48.6,306900
12,IDXG,2017-01-18,49.5,49.9,44.7,45.1,228300
13,IDXG,2017-01-19,44.8,51.5,43.0,46.0,364500
14,IDXG,2017-01-20,71.3,74.8,42.6,43.3,6358900
15,IDXG,2017-01-23,42.4,42.7,38.5,40.0,559400
16,IDXG,2017-01-24,47.7,47.7,40.0,41.0,2127200
17,IDXG,2017-01-25,39.6,44.3,39.0,44.3,407100
18,IDXG,2017-01-26,44.2,46.0,41.0,44.7,371800
19,IDXG,2017-01-27,42.7,44.9,42.0,43.5,196300
20,IDXG,2017-01-30,43.9,44.7,40.7,41.6,112500
21,IDXG,2017-01-31,41.0,42.5,39.6,41.7,348100
22,IDXG,2017-02-01,41.3,45.0,40.2,44.1,472600
23,IDXG,2017-02-02,43.7,48.6,42.0,43.2,1106600
24,IDXG,2017-02-03,31.5,33.0,30.9,31.6,1482400
25,IDXG,2017-02-06,31.2,31.8,29.0,31.1,454900
26,IDXG,2017-02-07,29.6,31.2,29.6,30.3,558400
27,IDXG,2017-02-08,30.5,32.8,29.6,30.9,1068500
28,IDXG,2017-02-09,29.4,30.0,27.5,28.4,545200
29,IDXG,2017-02-10,28.0,29.5,27.3,29.0,408300
30,IDXG,2017-02-13,28.5,31.4,27.8,30.7,459100
31,IDXG,2017-02-14,30.1,30.5,28.6,29.1,342500
32,IDXG,2017-02-15,28.8,29.1,27.7,28.1,205100
33,IDXG,2017-02-16,27.5,28.0,26.1,26.6,273900
34,IDXG,2017-02-17,26.0,29.6,26.0,27.2,404000
35,IDXG,2017-02-20,27.2,27.2,27.2,27.2,0
36,IDXG,2017-02-21,32.0,33.0,27.8,28.6,1505400
37,IDXG,2017-02-22,28.1,29.3,27.0,28.0,347500
38,IDXG,2017-02-23,28.0,28.2,27.0,27.6,120500
39,IDXG,2017-02-24,27.0,28.3,26.5,28.2,233000
40,IDXG,2017-02-27,29.8,32.5,27.5,27.6,1179400
41,IDXG,2017-02-28,28.0,28.0,27.0,27.8,136200
42,IDXG,2017-03-01,27.8,28.5,27.2,28.0,115600
43,IDXG,2017-03-02,27.2,28.1,26.5,27.2,166800
44,IDXG,2017-03-03,27.2,29.3,26.5,28.8,278900
45,IDXG,2017-03-06,28.3,28.8,27.5,27.9,117200
46,IDXG,2017-03-07,28.0,30.6,27.2,29.3,578600
47,IDXG,2017-03-08,28.4,29.1,27.0,27.3,305800
48,IDXG,2017-03-09,27.4,28.4,26.7,27.4,196800
49,IDXG,2017-03-10,27.0,27.4,25.2,25.9,205400
50,IDXG,2017-03-13,26.0,26.4,22.8,22.9,276900
51,IDXG,2017-03-14,22.3,23.1,21.0,22.3,291300
52,IDXG,2017-03-15,22.0,22.8,21.1,21.8,142100
53,IDXG,2017-03-16,21.8,22.5,21.0,21.2,146200
54,IDXG,2017-03-17,21.1,23.1,21.0,22.5,307700
55,IDXG,2017-03-20,22.0,22.2,21.8,22.0,63300
56,IDXG,2017-03-21,21.6,24.8,21.1,24.5,420300
57,IDXG,2017-03-22,26.5,34.3,25.5,28.6,9936200
58,IDXG,2017-03-23,26.2,27.3,23.5,23.7,1098100
59,IDXG,2017-03-24,23.0,23.8,21.3,23.4,385900
60,IDXG,2017-03-27,22.3,23.3,22.2,22.7,186800
61,IDXG,2017-03-28,22.9,25.5,22.0,25.0,536400
62,IDXG,2017-03-29,26.5,31.2,25.2,25.5,4073400
63,IDXG,2017-03-30,35.7,36.5,27.7,29.5,12772000
64,IDXG,2017-03-31,27.0,28.4,26.1,26.3,1067300
65,IDXG,2017-04-03,30.1,30.3,25.7,26.4,2435300
66,IDXG,2017-04-04,25.0,25.6,23.6,24.8,676600
67,IDXG,2017-04-05,23.0,23.6,21.5,22.2,958200
68,IDXG,2017-04-06,22.1,23.2,21.7,22.7,467900
69,IDXG,2017-04-07,22.5,23.1,21.8,22.1,324700
70,IDXG,2017-04-10,22.0,23.0,21.2,22.5,330600
71,IDXG,2017-04-11,22.3,22.5,21.4,21.6,390200
72,IDXG,2017-04-12,21.5,22.4,21.3,21.9,228100
73,IDXG,2017-04-13,22.7,23.4,21.3,21.6,465000
74,IDXG,2017-04-14,21.6,21.6,21.6,21.6,0
75,IDXG,2017-04-17,21.4,21.8,21.1,21.5,124200
76,IDXG,2017-04-18,31.8,44.5,26.8,27.6,56838700
77,IDXG,2017-04-19,26.5,28.5,25.0,25.3,3319800
78,IDXG,2017-04-20,29.1,29.4,25.3,26.0,3631100
79,IDXG,2017-04-21,25.8,26.4,23.0,23.5,1550100
80,IDXG,2017-04-24,24.2,25.0,22.5,23.4,732600
81,IDXG,2017-04-25,23.1,24.5,22.6,24.3,879400
82,IDXG,2017-04-26,24.3,24.4,23.0,23.7,570300
83,IDXG,2017-04-27,23.5,24.0,22.5,23.2,529500
84,IDXG,2017-04-28,23.1,23.4,22.4,22.8,398700
85,IDXG,2017-05-01,22.8,24.2,22.6,23.7,432900
86,IDXG,2017-05-02,23.7,25.2,23.4,24.5,693900
87,IDXG,2017-05-03,24.3,26.0,24.0,24.3,754900
88,IDXG,2017-05-04,24.2,24.7,23.5,24.1,366100
89,IDXG,2017-05-05,24.0,24.2,23.0,23.8,362800
90,IDXG,2017-05-08,23.5,24.2,23.0,23.4,212500
91,IDXG,2017-05-09,23.5,24.0,23.0,23.8,235300
92,IDXG,2017-05-10,24.0,24.7,23.5,24.6,420900
93,IDXG,2017-05-11,24.4,24.5,23.5,23.9,154300
94,IDXG,2017-05-12,23.8,24.0,23.0,23.9,410700
95,IDXG,2017-05-15,31.4,32.0,26.1,27.3,6952900
96,IDXG,2017-05-16,25.0,25.6,24.1,24.3,1065000
97,IDXG,2017-05-17,23.9,24.2,23.0,23.5,400500
98,IDXG,2017-05-18,23.2,26.5,23.1,24.1,2075200
99,IDXG,2017-05-19,23.9,24.1,23.1,23.6,327100
100,IDXG,2017-05-22,21.6,22.6,21.3,21.8,930600
101,IDXG,2017-05-23,21.7,22.0,17.4,18.2,2214000
102,IDXG,2017-05-24,18.6,18.7,16.6,17.8,861800
103,IDXG,2017-05-25,19.6,19.7,18.2,18.7,837000
104,IDXG,2017-05-26,18.6,19.0,17.7,17.9,481200
105,IDXG,2017-05-29,17.9,17.9,17.9,17.9,0
106,IDXG,2017-05-30,17.7,18.0,17.5,18.0,194000
107,IDXG,2017-05-31,17.8,19.6,17.8,18.9,489500
108,IDXG,2017-06-01,18.7,20.5,18.7,18.7,609000
109,IDXG,2017-06-02,19.1,19.9,18.8,19.6,232700
110,IDXG,2017-06-05,20.0,20.4,18.1,18.6,304100
111,IDXG,2017-06-06,18.6,19.4,18.6,19.1,183100
112,IDXG,2017-06-07,19.0,19.7,18.5,18.6,180800
113,IDXG,2017-06-08,18.6,18.9,18.1,18.9,163600
114,IDXG,2017-06-09,18.7,19.0,18.0,18.4,252600
115,IDXG,2017-06-12,18.2,18.3,17.0,17.5,251900
116,IDXG,2017-06-13,17.4,17.4,15.2,16.0,744600
117,IDXG,2017-06-14,16.1,16.1,13.8,14.3,941700
118,IDXG,2017-06-15,16.2,19.4,14.9,15.3,5650100
119,IDXG,2017-06-16,10.0,10.2,9.0,9.3,8530900
120,IDXG,2017-06-19,9.7,9.8,8.0,8.9,2133000
121,IDXG,2017-06-20,9.0,9.0,8.5,8.7,1094600
122,IDXG,2017-06-21,8.6,9.5,8.5,8.8,2468700
123,IDXG,2017-06-22,9.0,9.0,8.3,8.5,1541000
124,IDXG,2017-06-23,8.7,8.8,8.2,8.8,1315600
125,IDXG,2017-06-26,9.7,9.8,8.8,8.9,3624900
126,IDXG,2017-06-27,9.1,9.1,8.3,8.5,2271400
127,IDXG,2017-06-28,10.1,10.3,8.8,9.0,9184900
128,IDXG,2017-06-29,8.8,9.2,8.5,9.0,2001900
129,IDXG,2017-06-30,9.1,9.2,8.6,8.9,1644500
130,IDXG,2017-07-03,9.2,9.2,8.82,9.05,1073400
131,IDXG,2017-07-04,9.05,9.05,9.05,9.05,0
132,IDXG,2017-07-05,9.2,10.0,8.9,9.6,6298500
133,IDXG,2017-07-06,9.9,10.1,9.0,9.0,4765100
134,IDXG,2017-07-07,9.0,9.0,8.6,8.7,2067700
135,IDXG,2017-07-10,9.0,9.4,8.8,9.1,1675700
136,IDXG,2017-07-11,9.1,9.2,8.8,8.8,1210900
137,IDXG,2017-07-12,8.8,8.9,8.6,8.8,883000
138,IDXG,2017-07-13,8.65,8.8,8.52,8.6,790800
139,IDXG,2017-07-14,8.63,8.8,8.55,8.61,750300
140,IDXG,2017-07-17,8.7,9.0,8.62,8.85,770500
141,IDXG,2017-07-18,8.75,8.91,8.65,8.74,532200
142,IDXG,2017-07-19,8.7,8.8,8.6,8.7,653500
143,IDXG,2017-07-20,8.7,8.7,8.6,8.6,505500
144,IDXG,2017-07-21,8.8,8.8,8.6,8.7,408900
145,IDXG,2017-07-24,8.9,10.2,8.85,9.99,4942800
146,IDXG,2017-07-25,10.0,10.6,9.5,10.1,6366500
147,IDXG,2017-07-26,10.0,10.2,9.4,9.8,2096800
148,IDXG,2017-07-27,10.6,10.7,9.8,9.9,5305300
149,IDXG,2017-07-28,9.95,9.95,9.02,9.45,1486900
150,IDXG,2017-07-31,9.3,9.35,8.83,9.08,1270400
151,IDXG,2017-08-01,9.0,9.48,8.9,8.95,1041300
152,IDXG,2017-08-02,9.0,9.15,8.63,8.71,865400
153,IDXG,2017-08-03,8.7,9.15,8.66,8.91,763200
154,IDXG,2017-08-04,9.1,9.35,8.9,9.15,671400
155,IDXG,2017-08-07,9.2,9.24,8.85,9.0,547000
156,IDXG,2017-08-08,9.0,9.0,8.8,8.9,315000
157,IDXG,2017-08-09,8.8,8.9,8.7,8.8,337400
158,IDXG,2017-08-10,8.8,9.2,8.7,8.8,1205400
159,IDXG,2017-08-11,8.7,8.8,7.2,8.0,2514800
160,IDXG,2017-08-14,7.9,8.9,7.8,8.3,848800
161,IDXG,2017-08-15,8.9,11.3,8.8,10.8,15233100
162,IDXG,2017-08-16,12.0,15.4,11.7,14.1,41273900
163,IDXG,2017-08-17,13.5,13.6,12.1,12.9,8030400
164,IDXG,2017-08-18,12.7,12.8,11.7,12.3,3333500
165,IDXG,2017-08-21,12.1,13.5,11.7,13.4,3611700
166,IDXG,2017-08-22,14.1,14.8,13.2,13.5,6639900
167,IDXG,2017-08-23,13.2,14.0,12.5,12.8,1763700
168,IDXG,2017-08-24,12.8,12.9,12.2,12.55,1276900
169,IDXG,2017-08-25,12.5,13.7,12.3,13.0,2553300
170,IDXG,2017-08-28,14.1,14.3,13.3,13.6,4563900
171,IDXG,2017-08-29,13.4,13.7,12.9,13.5,1418200
172,IDXG,2017-08-30,13.5,13.8,13.0,13.5,1294600
173,IDXG,2017-08-31,13.7,14.0,13.1,13.1,1385800
174,IDXG,2017-09-01,13.3,13.8,13.1,13.6,1640000
175,IDXG,2017-09-04,13.6,13.6,13.6,13.6,0
176,IDXG,2017-09-05,13.9,17.3,13.9,17.0,15372100
177,IDXG,2017-09-06,16.8,17.0,15.3,15.9,3986600
178,IDXG,2017-09-07,15.3,16.4,15.1,15.9,2387400
179,IDXG,2017-09-08,15.7,16.4,15.3,16.2,1583900
180,IDXG,2017-09-11,16.7,17.7,16.0,16.3,3892800
181,IDXG,2017-09-12,16.4,16.6,15.5,16.0,1160500
182,IDXG,2017-09-13,16.0,16.2,12.3,13.8,4467500
183,IDXG,2017-09-14,13.6,15.3,13.1,14.1,2736200
184,IDXG,2017-09-15,14.0,16.6,13.5,16.4,3531100
185,IDXG,2017-09-18,16.0,16.6,15.1,15.9,2363000
186,IDXG,2017-09-19,15.5,16.0,15.1,15.8,902700
187,IDXG,2017-09-20,16.2,16.2,15.1,15.4,879700
188,IDXG,2017-09-21,15.5,15.6,14.3,14.9,1117700
189,IDXG,2017-09-22,14.7,14.8,14.0,14.1,859700
190,IDXG,2017-09-25,15.7,16.5,14.2,14.8,3598500
191,IDXG,2017-09-26,14.6,15.2,14.2,14.5,913100
192,IDXG,2017-09-27,14.6,14.6,14.0,14.2,856300
193,IDXG,2017-09-28,14.0,14.8,14.0,14.6,843200
194,IDXG,2017-09-29,14.6,15.7,14.6,15.5,1206500
195,IDXG,2017-10-02,15.5,15.7,14.8,14.8,732300
196,IDXG,2017-10-03,14.8,15.3,14.2,14.6,899300
197,IDXG,2017-10-04,14.8,15.3,14.6,14.8,621000
198,IDXG,2017-10-05,15.1,16.9,14.9,16.3,5248300
199,IDXG,2017-10-06,16.5,17.1,15.9,16.2,2608700
200,IDXG,2017-10-09,16.4,16.4,15.1,15.5,1335100
201,IDXG,2017-10-10,15.5,15.8,14.8,15.4,913000
202,IDXG,2017-10-11,17.8,18.0,15.6,16.0,5377700
203,IDXG,2017-10-12,16.1,16.5,15.3,15.7,2506300
204,IDXG,2017-10-13,15.3,15.4,14.7,14.8,1765700
205,IDXG,2017-10-16,15.0,15.3,14.4,14.8,1155500
206,IDXG,2017-10-17,14.9,15.4,14.4,15.1,917000
207,IDXG,2017-10-18,16.2,16.3,14.4,15.1,2697700
208,IDXG,2017-10-19,14.8,15.0,14.5,14.6,885700
209,IDXG,2017-10-20,14.6,14.6,13.35,13.7,2391500
210,IDXG,2017-10-23,13.6,13.7,12.6,12.7,1904900
211,IDXG,2017-10-24,12.9,12.9,11.6,12.2,1532800
212,IDXG,2017-10-25,12.4,13.2,12.2,12.9,987400
213,IDXG,2017-10-26,13.0,13.3,12.4,12.5,597900
214,IDXG,2017-10-27,12.7,12.8,12.2,12.5,632100
215,IDXG,2017-10-30,12.4,12.5,12.0,12.2,410100
216,IDXG,2017-10-31,12.1,12.4,12.0,12.2,305900
217,IDXG,2017-11-01,12.1,12.2,11.7,11.7,519300
218,IDXG,2017-11-02,11.7,12.0,11.0,11.6,829100
219,IDXG,2017-11-03,12.0,12.4,11.5,11.95,1007400
220,IDXG,2017-11-06,12.1,12.5,11.9,12.3,772400
221,IDXG,2017-11-07,12.4,12.4,11.6,11.7,738400
222,IDXG,2017-11-08,11.7,11.8,11.4,11.7,496000
223,IDXG,2017-11-09,11.7,12.3,11.5,11.9,730300
224,IDXG,2017-11-10,11.8,13.2,11.8,12.8,1509400
225,IDXG,2017-11-13,12.7,14.0,12.5,12.8,2540300
226,IDXG,2017-11-14,12.7,13.2,12.0,12.3,1053600
227,IDXG,2017-11-15,12.1,12.3,11.2,11.8,947000
228,IDXG,2017-11-16,12.0,12.3,11.8,12.1,905400
229,IDXG,2017-11-17,12.2,12.5,11.8,12.2,714500
230,IDXG,2017-11-20,12.1,12.4,11.8,11.9,519300
231,IDXG,2017-11-21,11.8,12.1,11.7,11.8,554200
232,IDXG,2017-11-22,11.9,12.0,11.7,11.8,350300
233,IDXG,2017-11-23,11.8,11.8,11.8,11.8,0
234,IDXG,2017-11-24,11.9,11.9,11.4,11.6,486200
235,IDXG,2017-11-27,11.5,11.6,10.3,11.0,1270900
236,IDXG,2017-11-28,10.9,11.2,10.7,11.0,510000
237,IDXG,2017-11-29,10.9,11.7,10.9,11.4,721900
238,IDXG,2017-11-30,11.4,11.7,10.8,11.5,778600
239,IDXG,2017-12-01,11.5,11.5,10.8,10.95,529400
240,IDXG,2017-12-04,11.0,11.0,9.7,9.9,1517300
241,IDXG,2017-12-05,9.8,10.3,9.1,10.1,1659800
242,IDXG,2017-12-06,10.2,10.4,9.6,10.0,810400
243,IDXG,2017-12-07,10.0,10.2,9.6,9.8,505400
244,IDXG,2017-12-08,9.8,10.2,9.6,10.1,353500
245,IDXG,2017-12-11,10.3,10.3,9.7,9.75,445500
246,IDXG,2017-12-12,9.7,9.9,9.0,9.7,798000
247,IDXG,2017-12-13,9.6,9.85,9.3,9.5,432700
248,IDXG,2017-12-14,9.5,10.0,9.3,9.3,515500
249,IDXG,2017-12-15,9.5,9.8,9.2,9.2,407100
250,IDXG,2017-12-18,9.6,10.4,9.3,9.8,1851700
251,IDXG,2017-12-19,9.8,10.3,9.3,9.3,969300
252,IDXG,2017-12-20,9.4,9.5,9.2,9.5,637800
253,IDXG,2017-12-21,9.5,9.5,9.2,9.4,437300
254,IDXG,2017-12-22,9.48,9.48,9.25,9.44,453400
255,IDXG,2017-12-25,9.44,9.44,9.44,9.44,0
256,IDXG,2017-12-26,9.4,10.8,9.4,10.6,2767400
257,IDXG,2017-12-27,10.9,11.0,10.2,10.7,900700
258,IDXG,2017-12-28,10.6,10.7,10.0,10.4,574800
259,IDXG,2017-12-29,10.4,10.5,10.0,10.2,575400
260,IDXG,2018-01-01,10.2,10.2,10.2,10.2,0
261,IDXG,2018-01-02,10.2,10.7,10.0,10.5,624200
262,IDXG,2018-01-03,10.7,10.8,10.2,10.6,446800
263,IDXG,2018-01-04,10.6,11.4,10.3,11.3,1189700
264,IDXG,2018-01-05,11.5,11.5,11.1,11.2,790400
265,IDXG,2018-01-08,11.5,11.5,10.6,11.1,1210500
266,IDXG,2018-01-09,11.2,11.4,10.8,11.2,579500
267,IDXG,2018-01-10,11.3,11.3,10.9,11.3,460900
268,IDXG,2018-01-11,11.2,11.9,11.0,11.5,1053500
269,IDXG,2018-01-12,11.6,11.9,11.2,11.5,645400
270,IDXG,2018-01-15,11.5,11.5,11.5,11.5,0
271,IDXG,2018-01-16,11.7,11.8,10.8,11.0,932400
272,IDXG,2018-01-17,11.0,11.0,10.5,10.8,498200
273,IDXG,2018-01-18,11.0,11.0,10.5,10.9,384700
274,IDXG,2018-01-19,10.8,10.9,10.5,10.7,213800
275,IDXG,2018-01-22,10.9,11.0,10.6,10.8,197600
276,IDXG,2018-01-23,10.9,10.9,10.5,10.7,383700
277,IDXG,2018-01-24,10.9,10.9,10.5,10.9,307100
278,IDXG,2018-01-25,10.8,10.9,10.5,10.9,431600
279,IDXG,2018-01-26,10.9,11.4,10.7,11.3,619700
280,IDXG,2018-01-29,11.3,11.4,11.1,11.2,469200
281,IDXG,2018-01-30,11.0,11.2,10.7,11.0,404100
282,IDXG,2018-01-31,11.1,11.1,10.7,10.8,263500
283,IDXG,2018-02-01,10.7,10.9,10.0,10.5,636300
284,IDXG,2018-02-02,10.5,10.7,10.0,10.0,534900
285,IDXG,2018-02-05,10.0,10.0,9.55,9.79,523900
286,IDXG,2018-02-06,9.5,9.8,9.2,9.6,519500
287,IDXG,2018-02-07,9.8,9.8,9.4,9.4,277900
288,IDXG,2018-02-08,9.5,9.7,9.0,9.2,494800
289,IDXG,2018-02-09,9.5,9.5,8.8,9.2,593100
290,IDXG,2018-02-12,9.38,9.88,9.2,9.75,405600
291,IDXG,2018-02-13,10.0,10.0,9.4,9.5,206900
292,IDXG,2018-02-14,9.8,9.8,9.4,9.7,240200
293,IDXG,2018-02-15,9.7,9.8,9.45,9.6,198800
294,IDXG,2018-02-16,9.7,9.8,9.5,9.5,89700
295,IDXG,2018-02-19,9.5,9.5,9.5,9.5,0
296,IDXG,2018-02-20,9.7,9.71,9.2,9.25,214600
297,IDXG,2018-02-21,9.3,9.5,9.1,9.3,163700
298,IDXG,2018-02-22,9.8,10.8,9.5,10.5,2173100
299,IDXG,2018-02-23,10.7,10.7,10.0,10.5,931400
300,IDXG,2018-02-26,10.7,11.0,10.2,10.4,378800
301,IDXG,2018-02-27,10.5,10.5,10.0,10.2,756600
302,IDXG,2018-02-28,10.2,10.6,10.0,10.1,1081700
303,IDXG,2018-03-01,10.0,10.2,9.4,9.7,515800
304,IDXG,2018-03-02,9.8,10.1,9.7,10.1,374200
305,IDXG,2018-03-05,10.0,10.2,9.85,10.1,207300
306,IDXG,2018-03-06,10.2,10.4,10.0,10.1,351300
307,IDXG,2018-03-07,10.0,10.3,9.6,10.1,290800
308,IDXG,2018-03-08,10.6,10.7,10.3,10.3,703400
309,IDXG,2018-03-09,10.5,11.0,10.3,10.8,731700
310,IDXG,2018-03-12,10.8,11.2,10.7,10.8,698200
311,IDXG,2018-03-13,10.8,11.0,10.3,10.4,504500
312,IDXG,2018-03-14,10.6,10.7,10.3,10.6,398700
313,IDXG,2018-03-15,11.0,11.3,10.7,11.0,944800
314,IDXG,2018-03-16,10.0,10.5,9.5,10.5,1744700
315,IDXG,2018-03-19,10.3,10.3,9.8,10.1,695600
316,IDXG,2018-03-20,10.5,10.6,9.9,10.2,773800
317,IDXG,2018-03-21,10.2,10.2,9.9,10.0,312300
318,IDXG,2018-03-22,10.1,10.1,9.6,9.95,338800
319,IDXG,2018-03-23,9.7,9.8,9.2,9.4,1005500
320,IDXG,2018-03-26,9.4,9.6,9.1,9.3,461800
321,IDXG,2018-03-27,9.3,9.4,9.1,9.1,225700
322,IDXG,2018-03-28,9.5,9.5,8.5,8.7,591200
323,IDXG,2018-03-29,8.7,9.3,8.7,8.8,441700
324,IDXG,2018-03-30,8.8,8.8,8.8,8.8,0
325,IDXG,2018-04-02,9.15,9.15,8.5,8.65,453000
326,IDXG,2018-04-03,8.6,8.9,8.6,8.7,313200
327,IDXG,2018-04-04,8.6,8.95,8.55,8.85,287800
328,IDXG,2018-04-05,8.8,9.5,8.8,9.1,280300
329,IDXG,2018-04-06,9.1,9.2,8.9,9.2,189500
330,IDXG,2018-04-09,9.2,9.2,9.0,9.0,129400
331,IDXG,2018-04-10,9.0,9.5,8.9,9.5,268000
332,IDXG,2018-04-11,9.4,9.4,9.1,9.3,139100
333,IDXG,2018-04-12,9.4,9.4,9.1,9.2,97400
334,IDXG,2018-04-13,9.25,9.32,8.9,9.25,131500
335,IDXG,2018-04-16,9.2,9.3,9.0,9.05,190300
336,IDXG,2018-04-17,9.0,9.2,8.9,9.1,202400
337,IDXG,2018-04-18,9.7,9.7,9.3,9.4,547200
338,IDXG,2018-04-19,9.4,9.55,8.9,9.09,274000
339,IDXG,2018-04-20,9.3,9.3,9.0,9.1,245100
340,IDXG,2018-04-23,9.1,9.25,8.92,9.05,162800
341,IDXG,2018-04-24,9.2,9.2,8.9,9.0,133400
342,IDXG,2018-04-25,9.14,9.2,8.9,9.05,114700
343,IDXG,2018-04-26,9.1,9.1,8.9,8.9,94300
344,IDXG,2018-04-27,9.0,9.05,7.67,8.5,1163600
345,IDXG,2018-04-30,8.8,8.8,8.6,8.8,153700
346,IDXG,2018-05-01,8.7,8.9,8.7,8.8,137200
347,IDXG,2018-05-02,8.81,9.05,8.8,8.91,144400
348,IDXG,2018-05-03,8.9,9.0,8.6,8.6,225500
349,IDXG,2018-05-04,8.6,8.65,8.42,8.6,211700
350,IDXG,2018-05-07,8.6,8.8,8.5,8.7,232200
351,IDXG,2018-05-08,8.8,8.9,8.6,8.8,210700
352,IDXG,2018-05-09,8.9,9.3,8.8,9.2,417500
353,IDXG,2018-05-10,9.3,9.4,9.1,9.35,285300
354,IDXG,2018-05-11,9.4,9.4,9.0,9.2,214600
355,IDXG,2018-05-14,9.4,9.9,9.2,9.6,627300
356,IDXG,2018-05-15,9.5,9.5,8.8,9.0,663100
357,IDXG,2018-05-16,9.5,9.5,8.8,8.8,224400
358,IDXG,2018-05-17,8.8,9.0,8.7,8.8,289200
359,IDXG,2018-05-18,8.8,9.0,8.8,9.0,130900
360,IDXG,2018-05-21,9.0,9.0,8.7,8.9,284700
361,IDXG,2018-05-22,8.9,8.9,8.5,8.6,285700
362,IDXG,2018-05-23,8.7,8.7,8.5,8.6,305100
363,IDXG,2018-05-24,8.6,8.6,8.3,8.4,314000
364,IDXG,2018-05-25,8.5,8.6,8.4,8.4,118400
365,IDXG,2018-05-28,8.4,8.4,8.4,8.4,0
366,IDXG,2018-05-29,8.4,8.5,8.2,8.3,216400
367,IDXG,2018-05-30,8.6,8.8,8.3,8.3,338400
368,IDXG,2018-05-31,8.6,8.6,8.2,8.3,184000
369,IDXG,2018-06-01,8.3,8.6,8.1,8.4,193100
370,IDXG,2018-06-04,8.5,8.78,8.43,8.65,169400
371,IDXG,2018-06-05,8.5,9.18,8.5,8.95,473700
372,IDXG,2018-06-06,9.1,9.1,8.8,8.8,260200
373,IDXG,2018-06-07,9.0,9.0,8.7,8.8,164900
374,IDXG,2018-06-08,8.79,8.79,8.45,8.45,527200
375,IDXG,2018-06-11,8.9,9.1,8.3,8.85,736600
376,IDXG,2018-06-12,8.8,9.2,8.7,9.0,357500
377,IDXG,2018-06-13,9.3,9.3,8.8,8.8,229100
378,IDXG,2018-06-14,9.05,9.1,8.71,8.83,105000
379,IDXG,2018-06-15,8.8,8.95,8.71,8.76,131900
380,IDXG,2018-06-18,8.9,8.9,8.7,8.7,88200
381,IDXG,2018-06-19,8.7,8.8,8.5,8.5,241100
382,IDXG,2018-06-20,8.5,8.7,8.4,8.6,260500
383,IDXG,2018-06-21,8.7,8.8,8.45,8.8,249200
384,IDXG,2018-06-22,9.0,9.49,8.75,9.0,656500
385,IDXG,2018-06-25,9.1,9.2,8.8,8.9,251900
386,IDXG,2018-06-26,8.78,9.15,8.71,8.95,184500
387,IDXG,2018-06-27,9.0,9.0,8.7,8.8,199300
388,IDXG,2018-06-28,8.79,8.9,8.65,8.87,91600
389,IDXG,2018-06-29,8.87,9.0,8.65,8.9,214300
390,IDXG,2018-07-02,9.0,9.1,8.8,8.9,261600
391,IDXG,2018-07-03,9.1,9.1,8.9,9.0,99300
392,IDXG,2018-07-04,9.0,9.0,9.0,9.0,0
393,IDXG,2018-07-05,9.0,9.0,8.9,9.0,284900
394,IDXG,2018-07-06,9.0,9.0,8.9,9.0,306400
395,IDXG,2018-07-09,9.0,9.5,8.85,9.1,582200
396,IDXG,2018-07-10,9.0,9.36,8.95,9.1,125800
397,IDXG,2018-07-11,9.1,9.2,8.9,8.9,180400
398,IDXG,2018-07-12,9.1,9.4,8.9,9.2,491700
399,IDXG,2018-07-13,9.4,9.6,9.2,9.5,496500
400,IDXG,2018-07-16,9.4,10.4,9.3,10.25,1552600
401,IDXG,2018-07-17,10.2,10.8,10.0,10.4,1206400
402,IDXG,2018-07-18,10.4,10.5,9.8,10.2,453600
403,IDXG,2018-07-19,10.3,10.5,9.9,10.3,285300
404,IDXG,2018-07-20,10.2,10.7,10.2,10.5,550300
405,IDXG,2018-07-23,10.7,11.0,10.5,10.8,761600
406,IDXG,2018-07-24,11.0,11.0,10.25,10.3,438900
407,IDXG,2018-07-25,10.3,10.6,10.2,10.5,266600
408,IDXG,2018-07-26,10.8,11.0,10.4,10.9,460800
409,IDXG,2018-07-27,10.9,11.9,10.9,11.4,1595400
410,IDXG,2018-07-30,11.3,11.6,10.9,11.0,415600
411,IDXG,2018-07-31,11.0,11.0,10.1,10.3,982100
412,IDXG,2018-08-01,10.7,10.7,10.3,10.5,152700
413,IDXG,2018-08-02,10.5,10.51,9.9,10.05,419100
414,IDXG,2018-08-03,10.0,10.4,9.9,10.0,304100
415,IDXG,2018-08-06,10.2,10.4,10.1,10.4,200600
416,IDXG,2018-08-07,10.5,10.6,10.1,10.2,116700
417,IDXG,2018-08-08,10.2,10.3,10.0,10.2,170000
418,IDXG,2018-08-09,10.1,10.5,10.1,10.3,307600
419,IDXG,2018-08-10,10.7,11.4,10.6,10.7,1333400
420,IDXG,2018-08-13,10.8,10.8,10.2,10.4,369100
421,IDXG,2018-08-14,10.4,10.5,10.2,10.3,412800
422,IDXG,2018-08-15,10.4,10.5,10.1,10.1,164500
423,IDXG,2018-08-16,10.0,10.4,9.85,10.2,228100
424,IDXG,2018-08-17,10.1,10.3,10.1,10.2,253200
425,IDXG,2018-08-20,10.4,10.6,10.2,10.5,286700
426,IDXG,2018-08-21,10.4,11.0,10.3,10.6,539700
427,IDXG,2018-08-22,10.9,11.4,10.7,11.2,482900
428,IDXG,2018-08-23,11.2,11.9,11.0,11.8,949400
429,IDXG,2018-08-24,11.9,13.9,11.8,13.5,4360300
430,IDXG,2018-08-27,14.2,14.5,12.5,13.4,2497600
431,IDXG,2018-08-28,13.2,13.5,12.5,13.3,455600
432,IDXG,2018-08-29,13.2,13.8,13.0,13.7,627100
433,IDXG,2018-08-30,13.8,14.5,13.7,14.1,997500
434,IDXG,2018-08-31,14.5,15.0,14.1,14.7,1073800
435,IDXG,2018-09-03,14.7,14.7,14.7,14.7,0
436,IDXG,2018-09-04,15.0,15.1,14.5,15.0,845700
437,IDXG,2018-09-05,15.0,15.5,14.5,15.1,695800
438,IDXG,2018-09-06,15.1,15.8,14.5,14.7,941600
439,IDXG,2018-09-07,14.7,15.0,13.6,14.8,736000
440,IDXG,2018-09-10,14.9,15.0,14.1,14.7,436400
441,IDXG,2018-09-11,14.5,14.9,14.0,14.2,533500
442,IDXG,2018-09-12,14.2,14.7,14.1,14.5,308500
443,IDXG,2018-09-13,14.7,14.8,14.05,14.2,304400
444,IDXG,2018-09-14,14.7,14.7,14.1,14.5,304000
445,IDXG,2018-09-17,14.6,14.9,14.4,14.7,395000
446,IDXG,2018-09-18,14.9,16.4,14.7,16.0,1679600
447,IDXG,2018-09-19,16.2,17.3,15.8,16.8,1423100
448,IDXG,2018-09-20,17.1,17.8,15.2,16.5,1585000
449,IDXG,2018-09-21,16.3,16.3,15.3,15.3,624000
450,IDXG,2018-09-24,15.6,16.5,15.2,16.0,639900
451,IDXG,2018-09-25,16.6,16.7,15.7,16.3,289200
452,IDXG,2018-09-26,16.2,16.2,15.4,15.8,497100
453,IDXG,2018-09-27,16.1,16.1,15.5,15.5,175600
454,IDXG,2018-09-28,15.5,15.8,15.2,15.4,222400
455,IDXG,2018-10-01,15.9,17.4,15.7,16.8,1494000
456,IDXG,2018-10-02,16.8,17.2,16.3,16.6,505100
457,IDXG,2018-10-03,16.5,16.9,15.5,15.9,526200
458,IDXG,2018-10-04,16.2,16.8,15.5,16.0,478400
459,IDXG,2018-10-05,15.8,16.0,13.3,14.0,1351000
460,IDXG,2018-10-08,13.0,14.3,12.6,13.0,973000
461,IDXG,2018-10-09,12.9,13.5,12.0,12.2,1101200
462,IDXG,2018-10-10,12.4,13.5,12.4,12.8,961900
463,IDXG,2018-10-11,12.5,13.2,12.0,12.8,615000
464,IDXG,2018-10-12,13.3,13.8,12.8,13.6,348300
465,IDXG,2018-10-15,13.7,13.8,13.1,13.4,130000
466,IDXG,2018-10-16,13.4,13.6,12.8,13.4,172300
467,IDXG,2018-10-17,13.3,14.5,13.2,13.8,507900
468,IDXG,2018-10-18,13.9,14.1,13.5,13.8,150000
469,IDXG,2018-10-19,13.6,14.1,13.5,13.6,209500
470,IDXG,2018-10-22,13.6,14.4,13.6,13.8,293400
471,IDXG,2018-10-23,13.8,14.2,13.5,14.2,153700
472,IDXG,2018-10-24,14.0,14.3,12.8,13.0,411700
473,IDXG,2018-10-25,13.0,13.2,12.5,12.8,123200
474,IDXG,2018-10-26,12.7,13.2,12.4,13.0,254000
475,IDXG,2018-10-29,12.9,13.5,12.6,12.6,194900
476,IDXG,2018-10-30,12.5,13.5,12.5,13.3,195200
477,IDXG,2018-10-31,13.3,13.9,13.0,13.8,272900
478,IDXG,2018-11-01,13.7,13.9,13.2,13.3,212300
479,IDXG,2018-11-02,13.2,13.8,13.0,13.5,142900
480,IDXG,2018-11-05,13.7,14.0,13.6,13.7,150100
481,IDXG,2018-11-06,13.7,14.0,13.7,13.9,110000
482,IDXG,2018-11-07,14.2,14.5,14.1,14.1,340400
483,IDXG,2018-11-08,14.2,15.1,14.0,15.1,417800
484,IDXG,2018-11-09,14.9,15.4,13.8,15.3,419300
485,IDXG,2018-11-12,15.2,15.4,14.6,14.6,134500
486,IDXG,2018-11-13,14.6,15.5,14.5,14.6,456100
487,IDXG,2018-11-14,14.0,14.0,10.7,11.7,1465700
488,IDXG,2018-11-15,11.7,12.5,11.2,11.9,236900
489,IDXG,2018-11-16,12.0,12.1,11.5,11.8,214700
490,IDXG,2018-11-19,11.9,12.2,10.7,11.3,614200
491,IDXG,2018-11-20,11.1,11.4,10.2,10.7,277700
492,IDXG,2018-11-21,10.5,11.2,10.3,10.8,213400
493,IDXG,2018-11-22,10.8,10.8,10.8,10.8,0
494,IDXG,2018-11-23,10.8,11.0,10.3,10.3,215500
495,IDXG,2018-11-26,10.8,10.9,10.2,10.2,1308600
496,IDXG,2018-11-27,10.3,10.3,9.3,10.3,734000
497,IDXG,2018-11-28,10.2,10.3,10.0,10.1,246600
498,IDXG,2018-11-29,10.0,10.3,9.8,10.25,108400
499,IDXG,2018-11-30,10.2,10.8,10.1,10.5,523300
500,IDXG,2018-12-03,10.7,11.2,10.6,11.2,621100
501,IDXG,2018-12-04,11.2,11.5,10.6,10.8,257600
502,IDXG,2018-12-05,10.8,10.8,10.8,10.8,0
503,IDXG,2018-12-06,10.4,10.4,9.8,10.2,184300
504,IDXG,2018-12-07,10.3,10.8,10.1,10.1,129100
505,IDXG,2018-12-10,10.3,10.3,9.8,10.3,116300
506,IDXG,2018-12-11,10.5,10.5,10.0,10.0,121700
507,IDXG,2018-12-12,10.1,10.35,9.87,10.1,194300
508,IDXG,2018-12-13,10.2,10.2,9.8,10.0,345800
509,IDXG,2018-12-14,10.0,10.3,9.75,10.2,169300
510,IDXG,2018-12-17,10.2,10.2,9.2,9.6,506300
511,IDXG,2018-12-18,9.6,9.81,8.82,8.95,362600
512,IDXG,2018-12-19,9.4,9.4,8.7,9.0,146700
513,IDXG,2018-12-20,8.9,9.1,8.8,8.9,144300
514,IDXG,2018-12-21,8.9,9.9,8.7,8.7,297000
515,IDXG,2018-12-24,8.7,8.8,8.5,8.5,232700
516,IDXG,2018-12-25,8.5,8.5,8.5,8.5,0
517,IDXG,2018-12-26,8.7,8.8,8.4,8.4,295200
518,IDXG,2018-12-27,8.8,8.86,8.3,8.35,131700
519,IDXG,2018-12-28,8.5,8.7,7.6,8.2,376900
520,IDXG,2018-12-31,8.1,8.2,8.0,8.0,225000
521,IDXG,2019-01-01,8.0,8.0,8.0,8.0,0
522,IDXG,2019-01-02,8.1,9.2,8.0,9.1,108200
523,IDXG,2019-01-03,9.2,9.2,9.0,9.1,85700
524,IDXG,2019-01-04,9.2,9.6,9.1,9.3,44000
525,IDXG,2019-01-07,9.3,9.5,9.25,9.35,136900
526,IDXG,2019-01-08,9.5,9.9,9.2,9.4,135900
527,IDXG,2019-01-09,9.7,10.6,9.45,10.19,265600
528,IDXG,2019-01-10,10.2,10.3,9.8,10.0,170000
529,IDXG,2019-01-11,10.4,10.4,9.8,10.1,131100
530,IDXG,2019-01-14,10.5,10.5,9.4,9.4,135200
531,IDXG,2019-01-15,9.8,10.5,9.6,10.3,351600
532,IDXG,2019-01-16,10.1,10.7,10.0,10.5,191000
533,IDXG,2019-01-17,10.4,10.9,10.4,10.4,145700
534,IDXG,2019-01-18,10.8,10.8,10.5,10.8,114800
535,IDXG,2019-01-21,10.8,10.8,10.8,10.8,0
536,IDXG,2019-01-22,10.5,11.2,10.0,10.3,165700
537,IDXG,2019-01-23,10.7,10.9,8.8,8.85,1235500
538,IDXG,2019-01-24,8.5,9.7,8.5,9.0,884500
539,IDXG,2019-01-25,7.6,8.65,7.56,8.5,2590000
540,IDXG,2019-01-28,8.5,9.4,8.3,9.0,768800
541,IDXG,2019-01-29,9.3,9.5,9.0,9.0,415300
542,IDXG,2019-01-30,9.3,9.3,9.0,9.0,231100
543,IDXG,2019-01-31,9.3,9.35,9.19,9.2,158000
544,IDXG,2019-02-01,9.35,9.35,9.1,9.3,123400
545,IDXG,2019-02-04,9.1,9.6,9.1,9.6,121800
546,IDXG,2019-02-05,9.49,9.6,9.25,9.4,65600
547,IDXG,2019-02-06,9.3,9.7,9.3,9.5,48400
548,IDXG,2019-02-07,9.6,9.6,9.1,9.3,52900
549,IDXG,2019-02-08,9.3,10.2,9.1,9.8,460000
550,IDXG,2019-02-11,9.8,9.8,9.3,9.5,135700
551,IDXG,2019-02-12,9.8,10.0,9.3,9.6,172800
552,IDXG,2019-02-13,9.5,9.85,9.5,9.81,98000
553,IDXG,2019-02-14,9.9,9.9,9.4,9.4,105100
554,IDXG,2019-02-15,9.7,9.7,9.2,9.3,113700
555,IDXG,2019-02-18,9.3,9.3,9.3,9.3,0
556,IDXG,2019-02-19,9.5,9.5,9.2,9.5,344700
557,IDXG,2019-02-20,9.5,9.8,9.4,9.5,147700
558,IDXG,2019-02-21,9.5,9.5,9.2,9.5,96100
559,IDXG,2019-02-22,9.4,9.7,9.3,9.5,78200
560,IDXG,2019-02-25,9.5,9.7,9.2,9.3,197600
561,IDXG,2019-02-26,9.2,9.5,9.2,9.2,132800
562,IDXG,2019-02-27,9.3,9.7,9.2,9.2,108000
563,IDXG,2019-02-28,9.5,9.7,9.3,9.6,364800
564,IDXG,2019-03-01,9.4,10.2,9.4,9.7,289100
565,IDXG,2019-03-04,9.7,10.4,9.7,10.2,362400
566,IDXG,2019-03-05,10.2,10.2,9.907,10.1,144500
567,IDXG,2019-03-06,9.9,10.04,9.501,9.558,132100
568,IDXG,2019-03-07,9.9,9.9,9.5,9.6,109100
569,IDXG,2019-03-08,9.501,9.9,9.501,9.57,83500
570,IDXG,2019-03-11,9.9,9.9,9.501,9.88,100100
571,IDXG,2019-03-12,9.5,9.9,9.5,9.6,90000
572,IDXG,2019-03-13,9.618,10.113,9.574,9.75,653200
573,IDXG,2019-03-14,9.62,9.9,9.501,9.6,120900
574,IDXG,2019-03-15,9.7,9.7,9.42,9.508,255300
575,IDXG,2019-03-18,9.679,9.695,9.101,9.3,307500
576,IDXG,2019-03-19,9.5,9.675,9.32,9.6,395800
577,IDXG,2019-03-20,9.7,9.7,8.8,8.8,791400
578,IDXG,2019-03-21,8.9,9.125,8.72,8.793,365600
579,IDXG,2019-03-22,8.8,8.845,8.125,8.482,506500
580,IDXG,2019-03-25,8.34,8.5,8.2,8.399,148400
581,IDXG,2019-03-26,8.5,8.5,8.0,8.1,321500
582,IDXG,2019-03-27,8.2,8.4,8.1,8.2,204900
583,IDXG,2019-03-28,8.2,8.5,8.063,8.191,309700
584,IDXG,2019-03-29,8.15,8.266,8.0,8.0,288300
585,IDXG,2019-04-01,8.322,8.322,8.001,8.101,104400
586,IDXG,2019-04-02,8.229,8.235,8.0,8.235,218300
587,IDXG,2019-04-03,8.3,8.5,8.1,8.1,255900
588,IDXG,2019-04-04,8.2,8.4,8.1,8.1,176600
589,IDXG,2019-04-05,8.35,8.5,7.854,7.857,520400
590,IDXG,2019-04-08,8.2,8.2,7.664,7.695,442200
591,IDXG,2019-04-09,7.9,8.0,7.5,7.6,566400
592,IDXG,2019-04-10,7.6,7.7,7.425,7.499,712800
593,IDXG,2019-04-11,7.4,7.5,7.3,7.4,231500
594,IDXG,2019-04-12,7.525,7.538,7.151,7.165,314200
595,IDXG,2019-04-15,7.2,7.5,7.2,7.4,306100
596,IDXG,2019-04-16,7.362,7.399,7.08,7.25,235300
597,IDXG,2019-04-17,7.2,7.3,6.8,6.9,625700
598,IDXG,2019-04-18,7.1,7.2,6.807,6.882,171200
599,IDXG,2019-04-19,6.882,6.882,6.882,6.882,0
600,IDXG,2019-04-22,6.992,7.0,6.729,6.9,237000
601,IDXG,2019-04-23,7.1,7.8,7.0,7.5,587400
602,IDXG,2019-04-24,7.49,7.791,7.211,7.288,129300
603,IDXG,2019-04-25,7.396,7.496,7.0,7.2,152700
604,IDXG,2019-04-26,7.177,7.468,7.1,7.187,182700
605,IDXG,2019-04-29,7.21,7.4,7.109,7.2,182400
606,IDXG,2019-04-30,7.36,7.455,7.2,7.303,127800
607,IDXG,2019-05-01,7.7,8.0,7.4,7.4,542300
608,IDXG,2019-05-02,7.4,7.8,7.3,7.5,407400
609,IDXG,2019-05-03,7.9,7.9,7.5,7.7,317600
610,IDXG,2019-05-06,7.55,7.8,7.55,7.561,231800
611,IDXG,2019-05-07,7.551,7.765,7.4,7.48,231300
612,IDXG,2019-05-08,7.5,7.581,7.13,7.3,375900
613,IDXG,2019-05-09,7.4,7.4,7.0,7.4,342400
614,IDXG,2019-05-10,7.3,7.6,7.053,7.595,335800
615,IDXG,2019-05-13,7.623,7.723,7.0,7.15,380100
616,IDXG,2019-05-14,7.2,7.4,6.9,7.1,414300
617,IDXG,2019-05-15,7.1,7.3,7.0,7.3,264900
618,IDXG,2019-05-16,7.27,7.27,7.1,7.171,134000
619,IDXG,2019-05-17,7.065,7.27,6.95,7.134,294600
620,IDXG,2019-05-20,7.2,7.2,6.742,6.998,231900
621,IDXG,2019-05-21,7.0,7.1,6.85,7.1,133300
622,IDXG,2019-05-22,7.1,7.1,6.9,7.1,119300
623,IDXG,2019-05-23,7.163,7.4,6.802,7.298,344300
624,IDXG,2019-05-24,7.12,7.5,7.0,7.493,296900
625,IDXG,2019-05-27,7.493,7.493,7.493,7.493,0
626,IDXG,2019-05-28,7.293,7.511,7.101,7.48,151700
627,IDXG,2019-05-29,7.4,7.589,7.1,7.398,205000
628,IDXG,2019-05-30,7.3,7.6,7.103,7.5,58000
629,IDXG,2019-05-31,7.458,7.5,7.207,7.305,51700
630,IDXG,2019-06-03,7.3,7.3,7.05,7.166,56100
631,IDXG,2019-06-04,7.2,7.297,7.0,7.0,140600
632,IDXG,2019-06-05,7.0,7.1,6.729,7.0,177000
633,IDXG,2019-06-06,7.0,7.036,6.75,6.804,160500
634,IDXG,2019-06-07,6.75,7.05,6.727,7.0,77600
635,IDXG,2019-06-10,6.908,7.1,6.8,6.96,137700
636,IDXG,2019-06-11,6.951,7.299,6.951,7.149,39300
637,IDXG,2019-06-12,7.2,7.2,6.911,6.931,85000
638,IDXG,2019-06-13,7.09,7.2,6.901,7.1,63000
639,IDXG,2019-06-14,6.91,7.18,6.901,7.0,61400
640,IDXG,2019-06-17,7.0,7.0,6.901,6.938,62000
641,IDXG,2019-06-18,6.911,7.0,6.901,7.0,61000
642,IDXG,2019-06-19,6.947,7.0,6.801,7.0,244100
643,IDXG,2019-06-20,8.3,8.9,7.2,7.88,3743900
644,IDXG,2019-06-21,7.35,8.0,7.31,7.666,310400
645,IDXG,2019-06-24,7.5,7.54,6.95,7.203,284000
646,IDXG,2019-06-25,7.11,7.333,7.1,7.251,183400
647,IDXG,2019-06-26,7.2,7.733,7.2,7.41,292700
648,IDXG,2019-06-27,7.6,7.7,7.0,7.266,112900
649,IDXG,2019-06-28,7.202,7.48,6.985,7.25,258700
650,IDXG,2019-07-01,7.25,7.4,7.0,7.107,113300
651,IDXG,2019-07-02,7.12,7.3,7.062,7.17,41100
652,IDXG,2019-07-03,7.198,7.199,7.002,7.027,69300
653,IDXG,2019-07-04,7.027,7.027,7.027,7.027,0
654,IDXG,2019-07-05,7.0,7.101,7.0,7.1,55900
655,IDXG,2019-07-08,7.1,7.15,6.9,7.0,114200
656,IDXG,2019-07-09,7.1,7.1,7.0,7.0,48600
657,IDXG,2019-07-10,7.1,7.1,6.93,7.09,167800
658,IDXG,2019-07-11,7.05,7.18,7.05,7.101,57800
659,IDXG,2019-07-12,7.15,7.15,7.035,7.035,83400
660,IDXG,2019-07-15,7.035,7.1,6.95,6.99,239500
661,IDXG,2019-07-16,7.7,8.299,7.1,8.15,1016000
662,IDXG,2019-07-17,8.277,8.277,7.6,8.0,306600
663,IDXG,2019-07-18,8.387,8.649,8.21,8.5,432300
664,IDXG,2019-07-19,8.3,8.5,8.0,8.364,152800
665,IDXG,2019-07-22,8.463,9.27,8.463,9.103,567000
666,IDXG,2019-07-23,9.27,9.546,8.7,9.305,399400
667,IDXG,2019-07-24,9.3,9.353,8.7,8.863,204200
668,IDXG,2019-07-25,8.9,8.9,8.3,8.5,215200
669,IDXG,2019-07-26,8.615,9.1,8.615,8.858,133800
670,IDXG,2019-07-29,8.9,9.3,8.601,8.703,76900
671,IDXG,2019-07-30,8.9,9.0,8.5,8.7,170500
672,IDXG,2019-07-31,9.0,9.12,8.651,8.7,396000
673,IDXG,2019-08-01,9.0,9.008,8.301,8.5,206700
674,IDXG,2019-08-02,8.85,9.1,8.45,8.6,83900
675,IDXG,2019-08-05,8.35,8.52,8.111,8.43,105600
676,IDXG,2019-08-06,8.43,8.9,8.113,8.2,111800
677,IDXG,2019-08-07,8.4,8.6,8.111,8.3,105500
678,IDXG,2019-08-08,8.403,8.65,8.3,8.4,78800
679,IDXG,2019-08-09,8.0,8.55,8.0,8.4,99500
680,IDXG,2019-08-12,8.251,8.698,8.251,8.3,103500
681,IDXG,2019-08-13,7.8,8.1,7.2,7.399,916300
682,IDXG,2019-08-14,7.6,9.1,6.811,7.604,267100
683,IDXG,2019-08-15,7.6,7.6,7.0,7.461,98800
684,IDXG,2019-08-16,7.55,8.0,7.151,7.603,41600
685,IDXG,2019-08-19,7.4,7.95,7.4,7.5,43200
686,IDXG,2019-08-20,7.4,7.875,7.4,7.5,71200
687,IDXG,2019-08-21,7.5,7.7,7.2,7.7,228300
688,IDXG,2019-08-22,7.501,7.997,7.3,7.51,127500
689,IDXG,2019-08-23,7.3,7.8,7.3,7.45,56300
690,IDXG,2019-08-26,7.8,7.8,7.3,7.4,94000
691,IDXG,2019-08-27,7.31,7.4,7.01,7.202,297600
692,IDXG,2019-08-28,7.0,7.336,7.0,7.098,74000
693,IDXG,2019-08-29,7.098,7.337,7.098,7.2,31000
694,IDXG,2019-08-30,7.103,7.4,7.103,7.251,26100
695,IDXG,2019-09-02,7.251,7.251,7.251,7.251,0
696,IDXG,2019-09-03,7.3,7.311,7.111,7.182,48500
697,IDXG,2019-09-04,7.111,7.3,7.011,7.15,93500
698,IDXG,2019-09-05,7.3,7.3,7.0,7.142,23000
699,IDXG,2019-09-06,7.1,7.624,7.055,7.3,180700
700,IDXG,2019-09-09,7.2,7.6,7.153,7.401,222400
701,IDXG,2019-09-10,7.4,7.9,7.3,7.704,119300
702,IDXG,2019-09-11,7.505,7.8,7.499,7.7,118400
703,IDXG,2019-09-12,7.7,7.998,7.55,7.7,283100
704,IDXG,2019-09-13,7.83,8.2,7.52,8.113,206900
705,IDXG,2019-09-16,8.1,9.0,7.846,8.319,530800
706,IDXG,2019-09-17,8.68,8.68,8.001,8.149,259300
707,IDXG,2019-09-18,7.9,8.09,7.6,7.782,252000
708,IDXG,2019-09-19,7.817,8.5,7.525,7.608,81400
709,IDXG,2019-09-20,7.565,7.884,7.46,7.884,105100
710,IDXG,2019-09-23,7.311,7.7,7.311,7.697,61200
711,IDXG,2019-09-24,7.697,7.786,7.504,7.551,204900
712,IDXG,2019-09-25,7.7,7.843,7.6,7.7,112400
713,IDXG,2019-09-26,8.1,8.489,8.0,8.152,318600
714,IDXG,2019-09-27,8.152,8.4,7.902,7.902,171900
715,IDXG,2019-09-30,8.0,8.3,7.9,7.949,182400
716,IDXG,2019-10-01,7.949,8.25,7.949,7.951,200900
717,IDXG,2019-10-02,8.088,8.199,7.8,7.8,180300
718,IDXG,2019-10-03,8.0,8.15,7.8,8.0,163500
719,IDXG,2019-10-04,7.8,8.3,7.8,7.9,171800
720,IDXG,2019-10-07,7.951,8.3,7.951,8.2,59700
721,IDXG,2019-10-08,8.0,8.3,8.0,8.021,79700
722,IDXG,2019-10-09,8.3,8.358,8.01,8.237,175600
723,IDXG,2019-10-10,8.25,8.44,8.138,8.282,104900
724,IDXG,2019-10-11,8.332,8.375,8.1,8.155,89600
725,IDXG,2019-10-14,8.155,8.375,7.96,8.0,90100
726,IDXG,2019-10-15,7.726,8.249,7.726,8.15,82600
727,IDXG,2019-10-16,8.2,8.2,7.761,7.983,94900
728,IDXG,2019-10-17,7.907,8.3,7.907,8.05,59300
729,IDXG,2019-10-18,8.01,8.3,7.7,7.998,68800
730,IDXG,2019-10-21,7.75,8.2,7.2,7.803,85800
731,IDXG,2019-10-22,7.71,7.95,7.71,7.835,60500
732,IDXG,2019-10-23,7.914,8.2,7.864,7.901,45600
733,IDXG,2019-10-24,7.91,8.199,7.8,7.803,143800
734,IDXG,2019-10-25,8.2,8.301,7.803,8.295,140800
735,IDXG,2019-10-28,8.145,8.255,7.751,7.901,175700
736,IDXG,2019-10-29,8.0,8.299,7.811,7.811,89600
737,IDXG,2019-10-30,7.946,8.201,7.601,7.7,88500
738,IDXG,2019-10-31,7.8,8.009,7.6,7.7,103700
739,IDXG,2019-11-01,7.602,7.887,7.531,7.749,81600
740,IDXG,2019-11-04,7.8,7.9,7.338,7.601,347400
741,IDXG,2019-11-05,7.7,7.8,7.4,7.75,78400
742,IDXG,2019-11-06,7.6,7.962,7.5,7.623,70000
743,IDXG,2019-11-07,7.6,7.7,7.431,7.493,76000
744,IDXG,2019-11-08,7.6,7.6,7.432,7.5,41200
745,IDXG,2019-11-11,7.5,7.7,7.4,7.592,49500
746,IDXG,2019-11-12,7.49,7.8,7.49,7.8,156900
747,IDXG,2019-11-13,7.8,8.132,7.741,7.9,191800
748,IDXG,2019-11-14,7.5,7.55,6.8,6.889,575800
749,IDXG,2019-11-15,7.0,7.2,6.5,6.6,247400
750,IDXG,2019-11-18,6.5,6.9,6.2,6.549,258000
751,IDXG,2019-11-19,6.2,6.9,6.2,6.609,410400
752,IDXG,2019-11-20,6.2,6.568,6.2,6.2,261600
753,IDXG,2019-11-21,6.3,6.3,6.0,6.199,202100
754,IDXG,2019-11-22,6.0,6.03,5.501,5.899,338200
755,IDXG,2019-11-25,5.8,5.8,4.6,4.75,1510000
756,IDXG,2019-11-26,4.7,4.748,3.81,3.976,1551800
757,IDXG,2019-11-27,3.98,4.5,3.822,4.347,657600
758,IDXG,2019-11-28,4.347,4.347,4.347,4.347,0
759,IDXG,2019-11-29,4.2,4.9,4.102,4.8,454000
760,IDXG,2019-12-02,4.8,4.84,4.2,4.5,260500
761,IDXG,2019-12-03,4.799,4.799,4.35,4.5,178900
762,IDXG,2019-12-04,4.546,4.6,4.2,4.352,227000
763,IDXG,2019-12-05,4.5,4.6,4.369,4.371,217100
764,IDXG,2019-12-06,4.397,4.6,4.2,4.294,96000
765,IDXG,2019-12-09,4.4,4.6,4.3,4.5,111300
766,IDXG,2019-12-10,4.4,4.526,4.4,4.501,162100
767,IDXG,2019-12-11,4.4,4.7,4.325,4.336,183100
768,IDXG,2019-12-12,4.364,4.6,4.302,4.474,160500
769,IDXG,2019-12-13,4.59,4.7,4.501,4.501,88000
770,IDXG,2019-12-16,4.55,4.699,4.55,4.62,137800
771,IDXG,2019-12-17,4.811,6.4,4.811,5.054,3258200
772,IDXG,2019-12-18,5.3,5.3,5.0,5.0,648800
773,IDXG,2019-12-19,5.0,5.3,4.7,4.954,399900
774,IDXG,2019-12-20,4.8,5.0,4.75,4.753,284800
775,IDXG,2019-12-23,4.671,4.949,4.611,4.852,142700
776,IDXG,2019-12-24,4.8,4.929,4.702,4.929,90100
777,IDXG,2019-12-25,4.929,4.929,4.929,4.929,0
778,IDXG,2019-12-26,4.9,5.2,4.815,5.157,214500
779,IDXG,2019-12-27,5.2,5.2,4.967,5.101,187200
780,IDXG,2019-12-30,5.173,5.3,5.0,5.102,171500
781,IDXG,2019-12-31,5.067,5.2,4.995,5.0,120000
782,IDXG,2020-01-01,5.0,5.0,5.0,5.0,0
783,IDXG,2020-01-02,5.2,5.349,4.9,4.9,438400
784,IDXG,2020-01-03,4.9,5.3,4.9,5.201,209200
785,IDXG,2020-01-06,5.3,5.999,5.3,5.666,451400
786,IDXG,2020-01-07,5.6,6.1,5.5,6.0,694500
787,IDXG,2020-01-08,6.0,6.4,5.9,6.057,624900
788,IDXG,2020-01-09,6.383,6.4,5.902,6.295,336400
789,IDXG,2020-01-10,6.3,6.63,6.1,6.571,771700
790,IDXG,2020-01-13,7.0,7.073,5.7,6.2,1514900
791,IDXG,2020-01-14,6.1,6.299,5.802,6.2,338200
792,IDXG,2020-01-15,6.25,7.22,5.9,6.79,369900
793,IDXG,2020-01-16,7.0,8.8,6.51,7.91,453800
794,IDXG,2020-01-17,7.9,8.56,7.7239,8.19,144600
795,IDXG,2020-01-20,8.19,8.19,8.19,8.19,0
796,IDXG,2020-01-21,8.28,8.43,7.975,8.28,50500
797,IDXG,2020-01-22,8.09,8.716,7.8,8.18,50700
798,IDXG,2020-01-23,8.1,8.15,7.8,7.83,33200
799,IDXG,2020-01-24,7.79,7.83,7.2799,7.4,69000
800,IDXG,2020-01-27,7.24,7.6478,6.8,7.075,49700
801,IDXG,2020-01-28,7.09,8.3633,7.09,8.19,91300
802,IDXG,2020-01-29,8.21,8.4896,7.67,7.91,40400
803,IDXG,2020-01-30,7.72,7.8961,7.4747,7.64,28800
804,IDXG,2020-01-31,7.58,8.0,7.55,7.91,40500
805,IDXG,2020-02-03,7.87,8.34,7.87,7.93,43600
806,IDXG,2020-02-04,7.96,8.0167,7.53,7.79,33700
807,IDXG,2020-02-05,7.7,8.2898,7.68,7.99,55000
808,IDXG,2020-02-06,8.1,8.25,7.71,8.11,47600
809,IDXG,2020-02-07,8.24,8.24,7.77,7.94,31700
810,IDXG,2020-02-10,7.99,7.99,7.5897,7.81,38900
811,IDXG,2020-02-11,8.31,9.25,7.55,8.37,273000
812,IDXG,2020-02-12,8.5,8.5,8.0,8.32,58700
813,IDXG,2020-02-13,8.02,8.47,7.9,8.36,32500
814,IDXG,2020-02-14,8.49,9.0,8.4,8.8,63500
815,IDXG,2020-02-17,8.8,8.8,8.8,8.8,0
816,IDXG,2020-02-18,8.98,9.0999,8.57,8.95,38700
817,IDXG,2020-02-19,9.0826,9.3496,8.8701,9.0886,43300
818,IDXG,2020-02-20,9.08,10.37,9.08,10.28,149800
819,IDXG,2020-02-21,10.38,11.0,10.3303,10.55,106000
820,IDXG,2020-02-24,10.5,10.5,9.7675,10.1,53500
821,IDXG,2020-02-25,10.19,10.78,9.59,9.79,54500
822,IDXG,2020-02-26,9.67,10.03,8.81,9.08,52700
823,IDXG,2020-02-27,8.8102,8.937,8.2374,8.35,59100
824,IDXG,2020-02-28,8.25,8.505,7.55,8.22,37000
825,IDXG,2020-03-02,8.1,9.12,7.851,8.16,50600
826,IDXG,2020-03-03,8.22,8.5099,7.65,7.84,39700
827,IDXG,2020-03-04,8.0,8.24,7.8987,8.0,16700
828,IDXG,2020-03-05,7.9,8.14,7.415,7.59,29600
829,IDXG,2020-03-06,7.44,7.6535,6.45,7.07,90900
830,IDXG,2020-03-09,6.51,6.79,5.91,6.59,109400
831,IDXG,2020-03-10,6.61,7.24,6.3527,6.65,56000
832,IDXG,2020-03-11,6.8,7.1805,6.211,6.46,69200
833,IDXG,2020-03-12,6.0,7.0,4.32,6.26,114800
834,IDXG,2020-03-13,7.0,7.1956,5.77,6.48,64300
835,IDXG,2020-03-16,7.15,7.15,5.54,5.84,87500
836,IDXG,2020-03-17,5.9,6.4,5.8827,6.03,26600
837,IDXG,2020-03-18,5.46,6.1326,5.0,5.28,64500
838,IDXG,2020-03-19,5.48,6.5,4.6632,5.57,70800
839,IDXG,2020-03-20,5.8,5.89,5.01,5.5,53100
840,IDXG,2020-03-23,5.37,5.45,5.12,5.19,10000
841,IDXG,2020-03-24,5.24,5.6,5.02,5.35,53800
842,IDXG,2020-03-25,5.34,5.8573,5.2225,5.62,37000
843,IDXG,2020-03-26,5.41,5.68,5.0,5.32,44600
844,IDXG,2020-03-27,5.2,5.59,5.1,5.35,16400
845,IDXG,2020-03-30,5.49,5.5899,5.0446,5.36,25500
846,IDXG,2020-03-31,5.23,6.0,5.1,5.18,54800
847,IDXG,2020-04-01,5.2,5.285,4.59,5.02,36800
848,IDXG,2020-04-02,5.05,5.16,4.75,4.89,35400
849,IDXG,2020-04-03,4.74,4.75,4.3,4.5,69200
850,IDXG,2020-04-06,4.9,4.99,4.55,4.6,18400
851,IDXG,2020-04-07,4.6101,5.2735,4.6101,4.93,18800
852,IDXG,2020-04-08,4.94,5.16,4.54,5.0744,30100
853,IDXG,2020-04-09,5.01,5.1922,4.17,4.67,85500
854,IDXG,2020-04-10,4.67,4.67,4.67,4.67,0
855,IDXG,2020-04-13,4.99,4.99,4.5401,4.82,38100
856,IDXG,2020-04-14,4.82,5.0044,4.56,4.81,22000
857,IDXG,2020-04-15,5.41,6.19,4.94,5.42,164700
858,IDXG,2020-04-16,5.59,5.9,5.4,5.71,81300
859,IDXG,2020-04-17,5.81,6.1199,5.76,5.83,124300
860,IDXG,2020-04-20,5.69,6.0287,5.69,5.94,19800
861,IDXG,2020-04-21,5.71,6.0,5.609,5.8399,22300
862,IDXG,2020-04-22,5.93,6.37,5.8341,5.95,158900
863,IDXG,2020-04-23,6.6,6.665,5.81,5.89,166800
864,IDXG,2020-04-24,5.8,5.95,4.71,5.0,213300
865,IDXG,2020-04-27,6.0,6.4382,5.39,5.58,267300
866,IDXG,2020-04-28,5.78,5.78,5.1356,5.44,78000
867,IDXG,2020-04-29,5.54,5.8,5.41,5.8,66300
868,IDXG,2020-04-30,5.79,5.79,5.44,5.56,53200
869,IDXG,2020-05-01,5.41,5.52,5.11,5.149,68800
870,IDXG,2020-05-04,5.14,5.18,5.0424,5.18,29600
871,IDXG,2020-05-05,5.27,5.3262,5.05,5.2,27900
872,IDXG,2020-05-06,5.14,5.22,5.0,5.15,29700
873,IDXG,2020-05-07,5.05,5.17,4.98,4.98,43400
874,IDXG,2020-05-08,4.96,5.195,4.96,5.05,31100
875,IDXG,2020-05-11,5.17,5.1757,4.85,4.85,75100
876,IDXG,2020-05-12,4.82,5.0804,4.6,4.6,72400
877,IDXG,2020-05-13,4.66,6.2,4.52,4.79,803400
878,IDXG,2020-05-14,4.75,4.8,4.45,4.75,84500
879,IDXG,2020-05-15,4.8,4.8,4.51,4.7,79500
880,IDXG,2020-05-18,4.75,5.13,4.75,4.92,125900
881,IDXG,2020-05-19,4.99,5.6,4.76,5.54,207000
882,IDXG,2020-05-20,5.4643,5.54,5.035,5.16,84200
883,IDXG,2020-05-21,5.17,5.2,5.0102,5.03,48700
884,IDXG,2020-05-22,5.05,5.28,4.85,5.06,44400
885,IDXG,2020-05-25,5.06,5.06,5.06,5.06,0
886,IDXG,2020-05-26,5.36,5.36,5.07,5.15,35000
887,IDXG,2020-05-27,5.25,5.3,4.9501,5.18,47200
888,IDXG,2020-05-28,5.13,5.305,5.0801,5.09,29900
889,IDXG,2020-05-29,5.1571,5.1571,4.94,5.0,49900
890,IDXG,2020-06-01,5.01,5.1304,4.89,5.02,26300
891,IDXG,2020-06-02,5.0,5.32,4.989,5.03,48000
892,IDXG,2020-06-03,5.08,5.29,5.05,5.21,74400
893,IDXG,2020-06-04,5.18,5.24,5.03,5.19,54700
894,IDXG,2020-06-05,5.19,5.75,5.15,5.54,146800
895,IDXG,2020-06-08,5.74,5.87,5.41,5.87,105600
896,IDXG,2020-06-09,5.9,5.9,5.54,5.7499,54800
897,IDXG,2020-06-10,5.7,5.74,5.46,5.61,70800
898,IDXG,2020-06-11,5.1,5.25,5.0,5.0,83600
899,IDXG,2020-06-12,5.33,5.37,5.0,5.2,33600
900,IDXG,2020-06-15,5.23,5.5299,5.11,5.34,27800
901,IDXG,2020-06-16,5.33,5.56,5.2852,5.35,34600
902,IDXG,2020-06-17,5.45,5.45,5.21,5.26,45800
903,IDXG,2020-06-18,5.25,5.4399,5.1497,5.16,66900
904,IDXG,2020-06-19,5.22,5.31,5.05,5.05,56500
905,IDXG,2020-06-22,5.01,5.2499,5.01,5.11,64400
906,IDXG,2020-06-23,5.12,5.46,5.12,5.33,85200
907,IDXG,2020-06-24,5.27,5.4399,5.1,5.13,40400
908,IDXG,2020-06-25,5.15,5.65,5.09,5.36,417200
909,IDXG,2020-06-26,5.3,5.3,4.584,4.73,408800
910,IDXG,2020-06-29,4.81,5.18,4.36,4.8,687600
911,IDXG,2020-06-30,4.95,4.95,4.35,4.65,226800
912,IDXG,2020-07-01,4.76,4.84,4.31,4.41,627300
913,IDXG,2020-07-02,5.1,6.64,4.7701,6.14,5352400
914,IDXG,2020-07-03,6.14,6.14,6.14,6.14,0
915,IDXG,2020-07-06,6.38,6.8,5.62,6.36,1220200
916,IDXG,2020-07-07,5.83,6.34,5.45,5.53,419200
917,IDXG,2020-07-08,5.43,5.703,5.11,5.19,259600
918,IDXG,2020-07-09,5.2,5.65,5.08,5.21,385100
919,IDXG,2020-07-10,5.25,5.3999,5.0451,5.17,303300
920,IDXG,2020-07-13,5.25,5.25,4.51,4.67,701700
921,IDXG,2020-07-14,4.61,4.7499,4.51,4.71,143400
922,IDXG,2020-07-15,4.74,5.22,4.7,5.02,556600
923,IDXG,2020-07-16,5.0,5.13,4.66,4.94,173100
924,IDXG,2020-07-17,4.95,5.59,4.95,5.51,472100
925,IDXG,2020-07-20,5.58,5.97,5.38,5.86,246000
926,IDXG,2020-07-21,5.86,6.965,5.8,6.45,675600
927,IDXG,2020-07-22,6.35,6.43,6.01,6.26,176000
928,IDXG,2020-07-23,6.04,6.62,5.935,5.96,245800
929,IDXG,2020-07-24,6.43,8.32,6.03,6.23,4488100
930,IDXG,2020-07-27,6.15,6.32,5.43,5.53,394100
931,IDXG,2020-07-28,5.49,5.97,5.45,5.87,231000
932,IDXG,2020-07-29,5.86,6.15,5.61,5.72,208200
933,IDXG,2020-07-30,5.59,6.17,5.51,5.83,371200
934,IDXG,2020-07-31,5.96,6.08,5.67,5.87,266100
935,IDXG,2020-08-03,5.98,6.3,5.77,6.13,86000
936,IDXG,2020-08-04,6.11,6.47,5.9759,6.4,104400
937,IDXG,2020-08-05,6.43,6.43,6.12,6.31,119500
938,IDXG,2020-08-06,6.3,6.74,6.1301,6.6,161900
939,IDXG,2020-08-07,6.52,6.67,6.28,6.36,193000
940,IDXG,2020-08-10,6.49,7.25,6.445,7.06,253200
941,IDXG,2020-08-11,7.02,7.35,6.3,6.32,280100
942,IDXG,2020-08-12,6.33,6.7533,6.1,6.17,158300
943,IDXG,2020-08-13,6.24,6.34,5.9,6.04,129000
944,IDXG,2020-08-14,6.04,6.16,5.78,5.78,313500
945,IDXG,2020-08-17,4.65,4.75,3.86,3.88,1254400
946,IDXG,2020-08-18,3.95,3.95,3.12,3.38,2144900
947,IDXG,2020-08-19,3.3,3.47,3.18,3.34,351400
948,IDXG,2020-08-20,3.37,3.4,3.1409,3.36,582900
949,IDXG,2020-08-21,3.36,3.4394,3.25,3.34,291700
950,IDXG,2020-08-24,3.37,3.37,3.19,3.32,250900
951,IDXG,2020-08-25,3.33,3.45,3.22,3.45,181200
952,IDXG,2020-08-26,3.46,3.59,3.31,3.35,182000
953,IDXG,2020-08-27,3.35,3.47,3.331,3.47,132500
954,IDXG,2020-08-28,3.57,3.65,3.4392,3.59,234300
955,IDXG,2020-08-31,3.62,3.88,3.46,3.5,906600
956,IDXG,2020-09-01,3.5,3.59,3.22,3.24,312700
957,IDXG,2020-09-02,3.2,3.4699,3.05,3.07,528700
958,IDXG,2020-09-03,3.07,3.11,2.8001,2.93,271600
959,IDXG,2020-09-04,2.83,2.91,2.5721,2.84,201300
960,IDXG,2020-09-08,2.8,2.95,2.76,2.89,75300
961,IDXG,2020-09-09,2.9,3.0298,2.9,3.02,110100
962,IDXG,2020-09-10,2.99,3.233,2.9815,3.09,149800
963,IDXG,2020-09-11,3.1,3.22,3.06,3.2,111300
964,IDXG,2020-09-14,3.25,3.29,3.11,3.27,89800
965,IDXG,2020-09-15,3.3,3.4515,3.29,3.37,87900
966,IDXG,2020-09-16,3.36,3.5,3.22,3.27,88700
967,IDXG,2020-09-17,3.27,3.33,3.16,3.32,37100
968,IDXG,2020-09-18,3.28,3.4,3.18,3.39,109700
969,IDXG,2020-09-21,3.33,3.44,3.09,3.38,86400
970,IDXG,2020-09-22,3.38,3.385,3.17,3.23,44300
971,IDXG,2020-09-23,3.23,3.29,3.111,3.16,32000
972,IDXG,2020-09-24,3.13,3.13,2.94,3.0,92500
973,IDXG,2020-09-25,3.0,3.1012,2.95,3.08,55000
974,IDXG,2020-09-28,3.1,3.25,3.09,3.15,42700
975,IDXG,2020-09-29,3.15,3.35,3.15,3.32,62900
976,IDXG,2020-09-30,3.31,3.31,3.07,3.09,69000
977,IDXG,2020-10-01,3.13,3.1499,2.97,3.06,47100
978,IDXG,2020-10-02,2.99,3.09,2.99,3.05,17900
979,IDXG,2020-10-05,3.05,3.133,2.99,3.0,26900
980,IDXG,2020-10-06,2.99,3.085,2.91,2.92,43100
981,IDXG,2020-10-07,2.92,3.05,2.92,3.02,34100
982,IDXG,2020-10-08,3.03,3.1799,3.0,3.02,27500
983,IDXG,2020-10-09,3.06,3.0796,3.0,3.04,28000
984,IDXG,2020-10-12,3.06,3.065,2.93,3.0,92500
985,IDXG,2020-10-13,2.98,3.04,2.97,2.98,20900
986,IDXG,2020-10-14,4.09,5.72,3.76,3.96,49247600
987,IDXG,2020-10-15,3.63,4.4,3.55,4.34,1965900
988,IDXG,2020-10-16,4.13,4.3,4.0,4.01,533000
989,IDXG,2020-10-19,4.0,4.1362,3.8,3.99,299300
990,IDXG,2020-10-20,3.75,3.81,3.22,3.35,513700
991,IDXG,2020-10-21,3.5,3.52,3.34,3.43,175000
992,IDXG,2020-10-22,3.48,3.7333,3.45,3.705,184800
993,IDXG,2020-10-23,3.81,4.2,3.6792,4.08,279300
994,IDXG,2020-10-26,4.1,4.15,3.6201,3.69,203200
995,IDXG,2020-10-27,3.69,3.87,3.66,3.68,81600
996,IDXG,2020-10-28,3.78,3.7904,3.39,3.39,216700
997,IDXG,2020-10-29,3.39,3.5,3.31,3.45,75600
998,IDXG,2020-10-30,3.42,3.6,3.38,3.49,40400
999,IDXG,2020-11-02,3.57,3.57,3.01,3.05,285000
1000,IDXG,2020-11-03,3.05,3.27,3.05,3.06,135700
1001,IDXG,2020-11-04,3.08,3.17,2.85,2.97,56290
1002,IDXG,2020-11-05,3.04,3.04,2.82,2.95,142500
1003,IDXG,2020-11-06,3.1,3.23,2.97,3.09,126100
1004,IDXG,2020-11-09,3.23,3.3,3.1102,3.18,61100
1005,IDXG,2020-11-10,3.18,3.23,3.0114,3.17,23500
1006,IDXG,2020-11-11,3.18,3.185,3.025,3.03,41200
1007,IDXG,2020-11-12,3.02,3.1577,3.02,3.05,28700
1008,IDXG,2020-11-13,3.1,3.18,3.02,3.1,57600
1009,IDXG,2020-11-16,3.13,3.24,3.11,3.15,63100
1010,IDXG,2020-11-17,3.06,3.24,3.05,3.19,97000
1011,IDXG,2020-11-18,2.8,2.94,2.6,2.88,385200
1012,IDXG,2020-11-19,2.9,2.9,2.78,2.89,69800
1013,IDXG,2020-11-20,2.92,3.05,2.8539,3.05,52900
1014,IDXG,2020-11-23,3.06,3.15,2.94,3.02,104900
1015,IDXG,2020-11-24,3.14,3.14,3.0,3.03,43000
1016,IDXG,2020-11-25,2.98,3.22,2.98,3.19,96600
1017,IDXG,2020-11-26,3.19,3.19,3.19,3.19,0
1018,IDXG,2020-11-27,3.19,3.33,3.1163,3.314,64400
1019,IDXG,2020-11-30,3.35,3.3848,3.13,3.17,66500
1020,IDXG,2020-12-01,3.17,3.29,3.051,3.2,48400
1021,IDXG,2020-12-02,3.2,3.25,3.1,3.17,42200
1022,IDXG,2020-12-03,3.16,3.2395,3.12,3.16,42900
1023,IDXG,2020-12-04,3.22,3.2869,3.1,3.18,62700
1024,IDXG,2020-12-07,3.22,3.26,3.1299,3.16,30400
1025,IDXG,2020-12-08,3.16,3.24,3.11,3.16,50000
1026,IDXG,2020-12-09,3.23,4.23,3.0671,3.48,1269000
1027,IDXG,2020-12-10,3.39,3.71,3.21,3.45,247400
1028,IDXG,2020-12-11,3.41,3.4599,3.12,3.4,71500
1029,IDXG,2020-12-14,3.35,3.4,3.21,3.22,42900
1030,IDXG,2020-12-15,3.42,3.82,3.07,3.3,1033700
1031,IDXG,2020-12-16,3.26,3.38,3.14,3.3,87000
1032,IDXG,2020-12-17,3.28,3.46,3.23,3.41,179400
1033,IDXG,2020-12-18,3.43,3.49,3.38,3.43,62000
1034,IDXG,2020-12-21,3.41,3.54,3.3391,3.49,76300
1035,IDXG,2020-12-22,3.48,3.5001,3.33,3.41,62700
1036,IDXG,2020-12-23,3.38,3.6599,3.38,3.58,72400
1037,IDXG,2020-12-24,3.59,3.59,3.42,3.5,31000
1038,IDXG,2020-12-28,3.5,3.5705,3.39,3.405,44000
1039,IDXG,2020-12-29,3.31,3.59,3.21,3.21,71100
1040,IDXG,2020-12-30,3.25,3.449,3.22,3.28,77000
1041,IDXG,2020-12-31,3.26,3.3,3.13,3.14,75900
1042,IDXG,2021-01-04,3.14,3.39,3.05,3.31,128300
1043,IDXG,2021-01-05,3.43,3.58,3.3201,3.48,100400
1044,IDXG,2021-01-06,3.5,4.15,3.5,3.7,450700
1045,IDXG,2021-01-07,3.77,4.29,3.7328,4.2,391300
1046,IDXG,2021-01-08,4.31,4.32,3.85,3.88,140600
1047,IDXG,2021-01-11,3.75,4.0,3.75,3.88,116800
1048,IDXG,2021-01-12,3.88,4.048,3.87,3.88,68200
1049,IDXG,2021-01-13,3.94,4.0,3.79,3.94,60900
1050,IDXG,2021-01-14,3.95,4.14,3.95,4.03,68000
1051,IDXG,2021-01-15,4.02,4.25,3.9501,4.1,96000
1052,IDXG,2021-01-19,4.33,4.7,4.15,4.58,200100
1053,IDXG,2021-01-20,4.22,4.48,3.9,4.35,377800
1054,IDXG,2021-01-21,4.4,4.415,4.12,4.19,91500
1055,IDXG,2021-01-22,4.02,4.21,4.0,4.03,75300
1056,IDXG,2021-01-25,4.12,4.4,4.03,4.3,121700
1057,IDXG,2021-01-26,4.35,4.59,4.3001,4.43,130900
1058,IDXG,2021-01-27,4.3,4.4,4.01,4.17,129600
1059,IDXG,2021-01-28,5.13,5.9,3.75,4.24,1893200
1060,IDXG,2021-01-29,4.23,4.34,3.99,4.02,134600
1061,IDXG,2021-02-01,4.5,4.6,4.06,4.34,217100
1062,IDXG,2021-02-02,4.35,4.55,4.15,4.22,289500
1063,IDXG,2021-02-03,4.3,5.06,4.3,5.05,375000
1064,IDXG,2021-02-04,5.02,5.47,5.02,5.06,267000
1065,IDXG,2021-02-05,5.0,5.01,4.6,4.85,177400
1066,IDXG,2021-02-08,4.95,5.47,4.93,5.29,264100
1067,IDXG,2021-02-09,5.3,5.79,5.19,5.7,295200
1068,IDXG,2021-02-10,5.86,5.9,5.29,5.44,165100
1069,IDXG,2021-02-11,5.43,5.99,5.39,5.61,226800
1070,IDXG,2021-02-12,5.62,5.78,5.5,5.77,89600
1071,IDXG,2021-02-16,5.86,5.97,5.61,5.84,80200
1072,IDXG,2021-02-17,3.98,4.8,3.76,4.44,1264400
1073,IDXG,2021-02-18,4.38,4.424,3.98,4.06,379200
1074,IDXG,2021-02-19,3.99,4.46,3.99,4.3,200900
1075,IDXG,2021-02-22,4.27,4.32,4.09,4.23,103500
1076,IDXG,2021-02-23,4.05,4.1527,3.72,3.9,179200
1077,IDXG,2021-02-24,3.92,4.18,3.85,3.92,119600
